feat1,feat2,feat3,feat4,feat5,feat6,feat7,class
0.0006796674969692221,5.187745306985676e-08,2.2081569553317385e-12,7.943283403741378e-14,-1.24053325340214e-26,-9.078064336463762e-18,-3.0867592101892773e-26,A
0.0006729160857833148,1.4584329554574493e-08,3.846505790274829e-12,1.4556197072152548e-13,8.609264266236846e-26,1.4943491134761164e-17,-6.671944328518096e-26,A
0.0006821519644120465,5.3574151312412345e-08,5.591494297515545e-12,4.0098338099488577e-13,4.773482673407147e-25,6.048831183701098e-17,3.641978499104571e-25,A
0.0006741128761749945,3.402103196532138e-08,1.0764766077798023e-11,5.385037629213429e-13,3.380085082387069e-25,-3.1750017130189287e-18,-1.2517037542398129e-24,A
0.0006610254243602853,4.048987064327088e-08,5.263588967130069e-13,3.81162708199966e-14,5.3525169769779044e-27,6.933922618424975e-18,7.062992295614134e-28,A
0.0006728497217938066,2.4637326311013914e-08,9.32779598015023e-12,2.6918913935990807e-14,9.972406843642758e-27,-5.310695230155601e-19,9.083002036296744e-27,A
0.0006844824583818063,6.712753438488127e-08,4.534432179109953e-12,3.6594998004784945e-13,4.333930421626727e-25,7.374524899390471e-17,-1.854535096475833e-25,A
0.000662048017034757,3.9112995012976064e-08,3.1462834197082907e-12,1.8318816092493222e-13,1.3388480302764574e-25,3.253591726144224e-17,3.763449158923787e-26,A
0.0006821806218498064,5.9515517201556026e-08,9.119182455989109e-12,6.468763440639157e-13,1.3749150040028226e-24,1.2748738611244026e-16,-7.6028446416854e-25,A
0.0006838702744633833,4.958848761049432e-08,2.1264802992167756e-11,1.347733817533006e-12,5.298782503978226e-24,2.1104820627509902e-16,-4.8968619820296835e-24,A
0.0006630663684398833,1.0462679398400323e-08,3.342902863655024e-12,4.364713153512308e-14,-1.3283803657217737e-26,-4.403925080116171e-18,-1.0075021071826972e-26,A
0.000663583340884683,2.983102428669098e-08,1.4918342445907957e-12,2.7212767920391652e-14,5.411036770582187e-27,2.980982082014877e-18,-8.855081611598888e-28,A
0.000667227830526783,3.961180419621476e-08,4.334810384709955e-12,2.9629034050383646e-13,3.209352159439319e-25,5.87227885501107e-17,-9.87529931324992e-26,A
0.0007560155109025619,3.585522884254795e-08,4.333831748459773e-12,1.9214673367106928e-12,1.984042205739859e-25,2.291002193502891e-16,-5.541244698720379e-24,A
0.0006578112395727328,2.7770925800677968e-08,1.840043604757054e-12,2.850876450412355e-14,-4.331972342089263e-27,-3.604122296919372e-18,-4.8855628910995005e-27,A
0.0006537304443020124,1.3096285071503572e-08,4.168293354892731e-12,1.272083845547414e-14,-2.4086052948229463e-27,1.2617144493148553e-18,1.6670273286484286e-27,A
0.0006895624034403134,2.5035913171555408e-08,9.364051312127429e-12,6.368221747112755e-14,4.041486162585783e-26,6.3626798342464384e-18,-2.801757117940923e-26,A
0.0006687867192608326,5.050060803365461e-09,4.0039833926291176e-11,6.340704628602075e-14,1.0017343313446945e-25,1.2642786677598912e-18,1.3131688965208682e-26,A
0.0006602681749902067,1.2829085282291042e-08,9.268505365137992e-12,1.068426709268261e-13,1.0602764198139445e-25,9.297017594735826e-18,-7.902239021082557e-27,A
0.0007197332015506709,1.7268951496830595e-08,1.0384250237037156e-11,4.915450804443389e-13,6.938173010880828e-25,-2.777661561794963e-17,-8.671260250320405e-25,A
0.0006444170970267651,8.79264955843277e-09,6.181952821876543e-12,1.1322200437349349e-13,7.404159972673986e-26,6.28602188447168e-18,5.907994042438592e-26,A
0.0006670230161244383,3.8712920200970304e-08,3.0830313684466083e-12,1.2035372467686623e-13,5.895398319400408e-26,2.181567747234188e-17,-4.357931378785242e-26,A
0.000656307129279522,2.2412451722035803e-08,9.386320388753103e-12,7.344806964007412e-14,2.0564500110521057e-26,2.6297741471461384e-19,-5.741245512291677e-26,A
0.000646968124463182,4.1870493251199165e-09,3.0751035133527575e-12,8.418272603820172e-14,4.195095320969632e-26,3.702613404216543e-18,8.640827550961029e-27,A
0.0006738673014352987,3.812528122776816e-09,4.89493389072631e-11,5.538476273961824e-14,4.0924774234272953e-26,3.131102078364553e-18,8.14937118102141e-26,A
0.0006905816985318017,6.491319168994931e-08,8.22680318670901e-12,1.1635956783424066e-13,-9.782694883200673e-26,-2.886633983009546e-17,5.823104951317996e-26,A
0.0006503137489935044,1.1566371394614113e-08,3.040376093324949e-12,1.4707545513497598e-14,-6.5232888207355335e-28,1.5708420270709815e-18,3.0409162015487976e-27,A
0.0007189270120304654,1.3342535873825402e-08,3.488977010627697e-12,1.9418456980321975e-13,1.4133715709110633e-25,4.4274652445975625e-18,7.463877247220553e-26,A
0.0006686372665973817,4.0502507296265967e-08,9.268514663790708e-12,5.813132407567528e-13,1.2965143365089614e-24,1.0606603945347539e-16,-3.738457088245681e-25,A
0.0007352023165382777,3.961258398714002e-08,4.8368327820547125e-12,7.020755421592879e-13,3.0976579268960754e-25,1.1054947813737256e-16,-1.256136935921808e-24,A
0.0006707826539270531,3.1867655887983957e-08,8.85808638290074e-12,5.337791247605309e-14,-5.190875957016222e-27,-5.9155721548228074e-18,3.633499455309515e-26,A
0.0006804091121237704,1.9764677776056372e-08,7.505010913940272e-12,1.0077796731555722e-13,-8.057918565253392e-26,-1.4100132614438364e-17,3.447508618531753e-26,A
0.0006704716050373804,2.3615980563454046e-09,2.7632120310380847e-11,1.275945661677905e-13,-4.3836637452806844e-26,6.132542337485426e-18,2.355381035507901e-25,A
0.0006691373903734644,5.0095660377937933e-08,3.524830146786403e-12,2.603394037933832e-13,2.43547220991495e-25,5.311108647462438e-17,-5.366656833500984e-26,A
0.0006496681833731963,1.5561101380683876e-08,1.6390192601211178e-12,1.5540114702148773e-14,2.468606800501133e-27,1.2714040120817353e-18,2.3873518083488923e-28,A
0.0006673954880059767,3.646908585423715e-08,3.314816986847895e-12,3.264477671764332e-13,3.3538297160967774e-25,6.221467557011021e-17,-5.326544888150201e-26,A
0.000690231579152942,3.9960068961906983e-08,2.208333075177195e-11,6.713333101378584e-13,-6.893983722499557e-25,-6.497312180149105e-17,2.491246633877668e-24,A
0.0006730318592572679,4.333049102708988e-08,7.89557907321247e-12,5.568509376172296e-13,1.1232624066832141e-24,1.1033665659862059e-16,-3.18765009605976e-25,A
0.0006580274054078501,2.8419413022780002e-08,5.183282230855681e-12,2.759421846838951e-13,3.2593911229616503e-25,4.558408366676006e-17,5.168691244400269e-26,A
0.0006760553896208072,3.900278589903083e-08,1.669573607802868e-11,9.552487905101742e-13,2.463280487869564e-24,1.0696785014631297e-16,-2.9129596719413394e-24,A
0.0006681846874830389,3.988186796262792e-08,1.0521808517074378e-11,6.116697935598196e-13,1.45770041262401e-24,9.933688776787305e-17,-5.320022682580927e-25,A
0.0006691507715132381,1.923554023205357e-08,7.405109316324628e-12,4.1853965964914886e-14,1.4273970490227482e-27,-3.752663210459891e-18,2.3257028904886894e-26,A
0.0006711395444629207,2.2225146562933963e-08,4.626619504242896e-12,7.583248467426323e-14,-2.960156165890061e-26,-9.834042194955246e-18,3.3783462463350906e-26,A
0.0006838957644901243,6.909135724900272e-08,9.076001884294325e-13,1.3347863467136505e-14,1.1807919502300621e-27,2.8578472797446452e-18,8.741395733457702e-28,A
0.0006497791505484126,1.5807640640465927e-08,6.8309498493618184e-12,1.0757574609011355e-14,5.017399096835249e-28,-8.458190000801246e-20,-2.87267742412117e-27,A
0.0006513783117555471,1.262194795000906e-08,1.4092318873352462e-12,6.813046283769176e-14,3.769668148018864e-27,2.8227721931697873e-18,2.077143469946174e-26,A
0.0006687754307707288,4.740273295572327e-08,7.670883225495394e-12,1.5416760332643337e-13,9.95047226407461e-27,-9.945963282566282e-18,1.6735785274475493e-25,A
0.0006753118339042604,4.2774196627174276e-08,8.600268634543432e-12,8.326044793452168e-14,-3.333205186207408e-26,-1.3374972287692845e-17,6.207200662852863e-26,A
0.0007535566789107593,8.955184619865792e-09,1.6549350692746369e-12,1.2475952420008746e-12,1.1843129518218346e-24,-8.686834061685242e-17,-1.345763287148551e-24,A
0.0006526450754102012,8.479168359066144e-09,6.578332488642277e-12,1.2477018464038474e-13,1.0595196604157466e-25,5.398510635313255e-18,3.939227120430516e-26,A
0.00065425244071345,2.3407460462938307e-08,9.58245764191475e-12,9.604668423035112e-14,4.693021564527699e-26,2.378406111221009e-18,-7.929611871194343e-26,A
0.0006675283145779157,4.337858675017374e-09,3.474470813802341e-11,8.493678823166019e-14,1.0784706968604467e-25,3.2357566395773456e-18,9.828038761545398e-26,A
0.000668222850264806,4.940204353699868e-08,1.1631277822512452e-12,7.726217470827213e-14,1.9552795684372012e-26,9.970410966852182e-18,-1.2415188332110078e-26,A
0.0007243831372328447,1.1136181735331662e-07,5.617951847532837e-12,1.1169899855811514e-13,-8.408590420308308e-26,-3.204218588102173e-17,-2.7548380870447685e-26,A
0.0006599355014027858,2.903131679468034e-08,1.2484853598278426e-11,1.4065035625049587e-13,7.091674591594427e-26,4.9159881438984585e-18,-1.723627203151072e-25,A
0.0006811494076913488,3.257918680915262e-08,1.0042191940911983e-11,4.343125999069149e-13,5.567700890295691e-25,3.261146703266043e-17,-7.160281310367099e-25,A
0.0006923079727150388,6.279303245663235e-08,2.432849324191245e-11,1.7251853998060146e-12,8.538730178722517e-24,2.9206097223777847e-16,-7.211613642348195e-24,A
0.0006492667038173958,1.7844965922078975e-08,9.58963708061248e-12,2.2033357360011452e-13,3.287473690449804e-26,-2.6554180188094525e-18,3.185826186467432e-25,A
0.0006484318271093299,9.83158500871603e-09,6.181601099066172e-12,1.0398725950530674e-13,5.642766939330737e-26,5.88892983512343e-18,6.137445301274272e-26,A
0.0006798878561621622,3.6652259856089526e-08,3.0451986669017173e-12,3.041026280125842e-13,2.922683403501523e-25,5.750032755279676e-17,-1.4802604278972016e-26,A
0.0006502143088717326,1.201196381855694e-08,3.739387099201994e-12,9.049902816937205e-15,-6.926360482526135e-28,9.68476442911435e-19,1.5138908939846121e-27,A
0.000744177828763956,4.328306139312883e-08,4.866561281065351e-12,7.498710722412442e-13,1.1989519474066872e-24,1.4915467010690871e-16,-7.83923563856326e-25,A
0.0006635020026977479,3.9434466117029656e-08,6.061008503091962e-12,3.2261985306683347e-13,4.501576181015684e-25,6.377101643149201e-17,-2.9720446632771386e-26,A
0.0006558424498034647,2.5106342783411088e-08,1.0248678278329238e-11,1.0492723606266887e-13,3.559455745865228e-26,4.780169777430194e-19,-1.0282269011213108e-25,A
0.0006440706432768788,1.1098720871146806e-08,6.50204919108442e-12,1.3841486487295135e-13,7.633525662468386e-26,5.1786221124747035e-18,1.068426775370806e-25,A
0.0006829064531709997,5.804340890952115e-08,1.2185431552777184e-12,1.0542769173183726e-13,3.670855806524395e-26,2.4515389605394695e-17,-8.966910675244556e-27,A
0.0006587525833147048,1.2452710987852205e-09,1.993896802121824e-11,2.440412172804518e-13,2.8814331753428798e-25,8.520737325748797e-18,4.547189466072111e-25,A
0.00068271717947601,6.305748632176995e-08,5.450691064999118e-12,2.3466332968971935e-13,1.4502786797227158e-25,3.912549728920348e-18,2.2226495972686785e-25,A
0.0006441030129986436,1.8800567220978745e-09,7.590952118275351e-13,5.095368809814475e-14,9.829247099118429e-27,2.170477313757915e-18,1.9510442978849203e-27,A
0.000666806685967445,4.3875252069170684e-08,3.91768690310853e-12,2.1061452165491925e-13,1.6115473114293544e-25,3.0620761595023444e-17,1.0310333028465615e-25,A
0.000658304316148921,1.6688913480300547e-08,1.3932785130877172e-11,4.162241378669543e-13,1.0022221839708037e-24,5.1529828359266904e-17,-1.456425613523421e-26,A
0.0006669478620354682,3.233573283770765e-08,4.201043974595336e-12,2.975467187702446e-13,2.8013828113950084e-25,4.76001100701975e-17,1.7941770318610952e-25,A
0.0006515488985008804,1.0710167792286275e-08,5.373161697406915e-12,7.336745612768837e-14,2.61382911882225e-26,3.403032501200979e-18,3.793105432230949e-26,A
0.0006741078437977761,5.034330882247573e-08,8.466969312132579e-12,5.459440591097628e-13,1.1077642064413698e-24,1.0971799199502763e-16,-3.8809123332225255e-25,A
0.0006491540111323562,1.1480223895023226e-08,1.7867294671156538e-12,3.769856484467189e-15,4.496651093167074e-29,3.8229598061544607e-19,3.0611231444654376e-28,A
0.0006561898846594909,1.6717121867106777e-08,4.482187509104543e-12,2.308740955110245e-15,-1.520668424496917e-28,7.705982330944035e-20,-1.7898206945371745e-28,A
0.000823810141174576,2.4570061530709295e-07,3.176597600004695e-11,7.583326036747688e-12,1.176856822522896e-22,3.738491622831367e-15,-1.7326813859885743e-24,B
0.0008435838416232758,2.868785278862674e-07,3.560472557097566e-11,6.079311169465128e-12,8.933262600358857e-23,3.248166815055057e-15,4.396340959269369e-24,B
0.001000305249918706,5.534287965565668e-07,7.715241922146862e-11,2.1787480016887864e-11,8.90941882189391e-22,1.6150377215025908e-14,-6.452244487516765e-23,B
0.0008601990814655101,3.076051649893565e-07,1.722796283762769e-11,2.2510314624804352e-12,1.400755372824757e-23,1.1889483761402419e-15,5.4379069645735325e-25,B
0.0009010551366315251,3.6517809907572276e-07,1.1377097921169692e-10,2.8323017813602005e-11,1.5981878701255079e-21,1.649678032174489e-14,1.7530882447498864e-22,B
0.0008733938870348324,3.238553668845534e-07,7.36582649056111e-11,1.4688577853005875e-11,4.824063575312661e-22,8.279840551861558e-15,2.6763593326003974e-23,B
0.0008008496212268799,2.048998987375364e-07,6.328742310298905e-11,7.353825673723135e-12,1.377631850528436e-22,2.754518247721293e-15,7.867533896257084e-23,B
0.0008846342855350971,3.374145820910334e-07,6.827189303565138e-11,1.1937689571595203e-11,3.3814497144204667e-22,6.547065504393128e-15,4.2468641721166833e-23,B
0.0008704886484393511,3.253250534924832e-07,5.720894935138775e-11,1.3804750634244965e-11,3.8793798323872225e-22,7.824122702743703e-15,-2.947069659509192e-24,B
0.0010625985478135943,6.797514423531545e-07,9.060714396227131e-11,3.096584594282459e-11,1.6377229200352128e-21,2.547066218528917e-14,-9.071467625023359e-23,B
0.0008312984946331014,2.643774410453122e-07,2.120410575422333e-11,5.941340106800905e-12,6.668168601121217e-23,3.054532451119309e-15,7.841839905261409e-25,B
0.0008726856437325845,3.175453399744397e-07,6.264807269432832e-11,1.463034472846704e-11,4.420564644906273e-22,8.043381646269163e-15,-2.7813831937622217e-23,B
0.000973468309919171,4.934042869544927e-07,1.1799449083234555e-10,3.226808065390592e-11,1.9709912894508746e-21,2.162611926058765e-14,2.8218218855832637e-22,B
0.0008814722004785895,3.6272613455359784e-07,2.2376562968760016e-11,4.669565006666862e-12,4.689295857337391e-23,2.73635254682595e-15,-8.911344526254573e-24,B
0.0009508352343334154,4.994523144962686e-07,1.773323763673553e-11,5.664707589765635e-12,5.645554323534253e-23,3.941563253518142e-15,-6.018186056943077e-24,B
0.0008732902311914583,3.248728760548586e-07,7.764951689544543e-11,1.5600955651468343e-11,5.384722362583381e-22,8.597075336701912e-15,-6.994067955827027e-23,B
0.0009173281307513011,4.2241167322323793e-07,2.327773759213525e-11,8.199694385624544e-12,1.1155979916872367e-22,5.1063012460466424e-15,1.968694606258612e-23,B
0.0009107196373200173,3.323362225680681e-07,3.759042552702627e-11,2.0272056059369637e-12,1.6767850287534764e-23,9.513406310628176e-16,5.657060695606522e-24,B
0.0010214740278148753,6.173823390923311e-07,8.348142022141011e-11,2.681598119642437e-11,1.2466711911680913e-21,1.9817152917944038e-14,-2.3581172920314764e-22,B
0.000862286576871937,3.46440034275316e-07,5.7454565501494746e-12,1.3894863724682185e-12,3.91088364378771e-24,8.014752891272356e-16,-3.4350792572899763e-25,B
0.0008412570018307243,2.817186618660697e-07,3.928647471182557e-11,8.732909269103232e-12,1.6145480536565413e-22,4.634996759531205e-15,9.863849602250413e-24,B
0.0008972176860668949,3.83222275580906e-07,3.316639396149115e-11,6.5768316163697675e-12,9.359392353679115e-23,3.839690273054339e-15,2.598690272854105e-23,B
0.0009617180845167303,5.172257501188405e-07,2.6623293163735835e-11,7.865775723394482e-12,1.1151366789847252e-22,5.345585147420036e-15,-2.2829031122331162e-23,B
0.0008373735545709377,2.8626690525320174e-07,2.1989407912198423e-11,4.412395206146103e-12,4.048769386936682e-23,2.0462194567180275e-15,1.5804033653844318e-23,B
0.0010038966621308057,5.804376491062787e-07,4.775562431893297e-11,1.3504945630263198e-11,3.33040594800932e-22,9.50084582486122e-15,-8.191389402240515e-23,B
0.000845158508834927,2.9618356824597564e-07,3.281656775865892e-11,6.046791533653076e-12,8.498916250707789e-23,3.2240831340821244e-15,5.6881992537168074e-24,B
0.0010567844644097106,6.35968875041296e-07,9.745903424950199e-11,2.5480281807911695e-11,1.2579603416729172e-21,1.9964060323372717e-14,1.7261136535895703e-22,B
0.0010304644505046623,6.168453922453371e-07,7.689952681778489e-11,2.4133701681732107e-11,1.0389013835895256e-21,1.89464014927659e-14,-4.010899765524226e-23,B
0.0009599549078715928,5.214766355350631e-07,1.5440496898614278e-11,5.380687542085956e-12,4.898360780938188e-23,3.8472101681325765e-15,2.4363385356956526e-24,B
0.00084269677404284,3.1247892741094955e-07,3.913962672349837e-12,1.024351035189117e-12,2.0468891640795928e-24,5.7027471900992e-16,1.3097208808226016e-25,B
0.0008172955259437681,2.1823302789350934e-07,5.051356029499388e-11,4.650354445109821e-12,4.2434591906195386e-23,1.316753220446598e-15,-5.726546849306199e-23,B
0.0009692529259450966,5.151622282647434e-07,6.379501991031507e-11,1.4876487589072853e-11,4.311518504067037e-22,8.612186446916188e-15,-1.5537471381989818e-22,B
0.0008413592959756811,3.051341897663958e-07,1.4004975066887926e-11,3.358287275179161e-12,2.3023140423385893e-23,1.8550021668200713e-15,-6.119827633692265e-25,B
0.0008225111265088195,2.638603739143955e-07,2.1587998061455614e-11,4.0904321751223965e-12,3.6068235330245243e-23,1.8631090210338864e-15,1.3287466934111586e-23,B
0.000885511962980588,3.4534740155808846e-07,8.419242369190497e-11,1.9531733501016277e-11,7.856748893671249e-22,1.0723412153766038e-14,1.0021972531729838e-22,B
0.0008169840574998853,2.3450959616081817e-07,5.476894965314258e-11,7.98642594696478e-12,1.6511807243051855e-22,3.822707990629521e-15,-2.5203702199822065e-23,B
0.0008991788331543496,4.03173200450187e-07,1.8473194366219525e-11,4.228337409061935e-12,3.6437434360313673e-23,2.4185855304775998e-15,-8.297314264107571e-24,B
0.0008834073359213565,3.181705230345513e-07,1.3715506600134252e-10,2.8599103414027396e-11,1.738741347765962e-21,1.4835502807500185e-14,4.301571932300435e-22,B
0.0007955634981203252,2.1221114339525015e-07,4.1103866157346646e-11,5.782034139828879e-12,8.86315181853998e-23,2.657889929152449e-15,9.487681922791279e-24,B
0.000986443885884808,4.986228795610315e-07,1.9446692792451515e-10,6.542618328470576e-11,7.354848728368948e-21,4.401409318368549e-14,6.075102257932907e-22,B
0.0008370031787358733,2.859990764803816e-07,2.1798023201878616e-11,4.347200926716054e-12,3.940518366986007e-23,2.0150234508831277e-15,1.5428158023549895e-23,B
0.0007576812813206077,1.5584249351009286e-07,3.468396019831172e-11,3.7318332701588565e-12,4.245559279696613e-23,1.4629011442526215e-15,3.256923673236837e-25,B
0.0008577373235676359,2.9819797643877553e-07,8.220883099561598e-11,1.824009168603086e-11,7.059282286838172e-22,9.804664914213258e-15,-2.3436643853711536e-23,B
0.0009419920246263875,4.5821288457429475e-07,5.034427824816834e-11,1.2366738333463858e-11,3.0757778969044326e-22,8.278694586350807e-15,2.4761931421661274e-23,B
0.0009007637539544042,3.5787863315811955e-07,1.025556764321618e-10,2.2095294194391558e-11,1.0515086112581004e-21,1.3211667692054177e-14,2.4379844382973544e-23,B
0.0007589767632452756,1.5587713586538005e-07,3.750494563466329e-11,3.994709921786662e-12,4.8858204953491383e-23,1.558832179344054e-15,1.9187292849288513e-24,B
0.0008570062824578102,3.164502882894879e-07,2.5733149998598937e-11,5.0280598411829015e-12,5.69712429642824e-23,2.826810350800067e-15,5.037937857351057e-24,B
0.000915953297174553,4.1633591493134585e-07,4.0336749578056214e-11,9.807212032837184e-12,1.9483429463757095e-22,6.3241425793931764e-15,-9.386283514371977e-24,B
0.0008419958298074488,2.887215409070909e-07,4.979532831238742e-11,1.009179060282743e-11,2.2575405127072364e-22,5.3619526653723784e-15,1.4638464996841284e-23,B
0.0008274329632077449,2.5637223194077573e-07,2.3011643568493597e-11,6.18340057620393e-12,7.375722043374233e-23,3.130699166807565e-15,5.092315176453079e-25,B
0.0008438233867603989,3.0099812227855835e-07,1.6463658190394306e-11,3.15903002102094e-12,2.2616031192329214e-23,1.64860071015487e-15,2.745782995626948e-24,B
0.0008969763707561247,3.7194584363290355e-07,3.426792225565309e-11,5.131822182791194e-12,5.992066185789816e-23,2.665553252889931e-15,3.2261596911975646e-23,B
0.0008894821062660195,3.4263383173849983e-07,1.12633424574452e-10,2.8479760249132482e-11,1.6112569350158404e-21,1.634633691786263e-14,-7.526796265711738e-23,B
0.0008482818727362179,2.8462704780413476e-07,6.91752268424082e-11,1.3996675054552644e-11,4.3543559514195395e-22,7.372388601025e-15,-8.800840234897237e-24,B
0.0010835353742241372,7.100300354937628e-07,1.9330045494250744e-10,5.6656472301265655e-11,5.640695798367642e-21,3.826672611792063e-14,-1.8267716437012e-21,B
0.0008903866062505616,3.782306213889843e-07,2.403067500455044e-11,5.7708883644908865e-12,6.761042375610601e-23,3.51997798093777e-15,6.874343570712561e-24,B
0.0008356451858143977,2.5375841446658946e-07,7.368924291042134e-11,8.94231779746108e-12,1.3963972639629613e-22,2.3764154463398046e-15,1.8219200064435888e-22,B
0.0008277835418980518,2.7494266269416226e-07,3.214127749914759e-11,6.144323316030958e-12,8.577526628747454e-23,3.1936610609807956e-15,-9.912129662783873e-24,B
0.0009872227490281035,5.258942673228769e-07,1.442517453511878e-10,4.393904091382957e-11,3.4839357948517835e-21,3.1219313005702135e-14,3.1484979578110537e-22,B
0.0008195208781773108,2.340425796719362e-07,6.739963607693035e-11,9.461243712142512e-12,2.282249086696951e-22,4.277294937492409e-15,7.068092496924346e-23,B
0.0008395909272183814,2.8358940690266753e-07,1.3526620991675119e-11,1.5814097381390017e-12,7.313925043504874e-24,8.267173816131467e-16,-5.1506514113744826e-26,B
0.0009207048541409558,4.3183388464656325e-07,5.3961787505368623e-11,1.4473599000804735e-11,3.9844446905271764e-22,9.061054907253348e-15,6.967280491003807e-23,B
0.0008034160957725062,2.0554205661708303e-07,6.452687752807674e-11,6.8777380678458355e-12,1.007895937812506e-22,2.0004144584221765e-15,1.0408940753057677e-22,B
0.0008807402966483131,3.4894870613344753e-07,2.822626130340171e-11,4.612506104613094e-12,5.228666719294269e-23,2.7186489702699185e-15,-6.000438170570927e-24,B
0.0008162091203895963,2.4874019586600877e-07,2.6396395631000274e-11,5.275771812083755e-12,6.096395938315886e-23,2.5495839906761776e-15,1.2631867317092708e-23,B
0.0007936918484506826,1.9891008520704187e-07,4.781205472930182e-11,5.778794686633928e-12,8.65914953618465e-23,2.249001368263427e-15,-4.157730711624947e-23,B
0.0009530789795777872,5.075139199319932e-07,1.53481397010177e-11,5.114973024287542e-12,4.532020943356549e-23,3.6422734574441326e-15,-9.652765333580192e-26,B
0.0010926529277466934,6.960638488816747e-07,3.2899774740168405e-10,1.2564758195486307e-10,2.5510042367861795e-20,1.0334100647978634e-13,1.3602026291163582e-21,B
0.0007960907190120536,1.993235367817919e-07,6.732382388549586e-11,8.931756550382207e-12,2.1477418199179326e-22,3.789970508577846e-15,4.293158366286606e-23,B
0.0008864279000871661,3.550227516361463e-07,7.280878677355916e-11,1.7336258165916827e-11,6.125859623166257e-22,1.0064046588081016e-14,6.400782611830984e-23,B
0.0010623545398692573,6.34227943440971e-07,2.502989478312687e-10,8.708309667269254e-11,1.275849161935259e-20,6.554286139890583e-14,-1.5862641628181395e-21,B
0.000991113744547616,5.260572240531084e-07,1.44928100082876e-10,4.6182250182754876e-11,3.756117448351039e-21,3.223506993045934e-14,4.082147312515343e-22,B
0.0008520046995617217,2.9697831254483676e-07,2.271077026145344e-11,3.307991804922477e-12,2.859604846725852e-23,1.7047958372968363e-15,2.089722733589552e-24,B
0.0008409904891388501,2.7369828636821364e-07,5.4566121795323685e-11,9.57543866070754e-12,2.188762121905597e-22,4.953148178835939e-15,4.691281680387041e-25,B
0.0008487680340783815,2.961051381225332e-07,3.092034232005002e-11,5.112980372108089e-12,6.410034615010532e-23,2.7813506300925653e-15,4.915044170181336e-24,B
0.0007742201839865871,1.7235504259879798e-07,5.038740954636468e-11,5.7834007121779494e-12,9.79455196684243e-23,2.332866263267054e-15,1.239741009098769e-23,B
0.0008602710775881082,9.899939090254392e-08,1.107288453879996e-10,3.5255277273891752e-12,-1.8547596658742586e-23,1.0861051395739746e-15,6.714257223359064e-23,C
0.000836623748292844,2.8535936024172707e-07,1.4416827910974684e-12,1.2950305412047617e-13,-5.136924353537823e-26,-4.350441299386378e-17,2.2189933818683146e-26,C
0.0008294307700054206,1.2557809525359218e-07,9.667121216693482e-11,3.782030924875518e-12,5.383567594882931e-23,1.294485383771534e-15,-4.828423334696081e-23,C
0.0008410842284538436,2.0516122932453234e-07,7.453454494030595e-11,6.0833559075133e-12,1.195189046045582e-22,2.7460223508508007e-15,4.9950483528372494e-23,C
0.0007468001480509566,3.959933943590928e-08,6.468600062091618e-11,9.19745924902509e-13,-5.174564816829851e-24,1.7542266861185669e-16,4.853078499381173e-24,C
0.00072971913509665,3.947713008429725e-08,4.091073653849147e-11,2.5122955985784836e-12,-2.0037343387217355e-23,2.88666830561967e-16,-1.572301669547808e-23,C
0.0007832939632186175,1.8160367535681652e-07,7.479906713167176e-12,1.9248871832186895e-12,3.0337581962998514e-24,1.916597498504508e-16,6.644061981239605e-24,C
0.0006952997984457996,3.169001947694911e-08,3.1108617370251845e-11,1.303850510873108e-12,4.721372926991996e-24,2.0182973519688279e-16,6.831059643361315e-24,C
0.0007801965663843186,1.2493719103440212e-07,3.3840513714755602e-12,4.210649638818993e-13,2.227698684551292e-25,-9.476902950138608e-17,4.505587682069368e-25,C
0.0007932781054958127,8.514999713170063e-08,7.247016753608391e-11,4.922196270297453e-12,1.7139362765348177e-23,1.054071754203067e-15,-9.137108809918351e-23,C
0.0007320974973032293,6.545415181984523e-08,3.982202413298039e-11,1.372186536263151e-12,1.6353968480452904e-26,2.4131283040490747e-16,-1.0143336466499692e-23,C
0.0008699708672977103,1.133746690376534e-07,7.704086766327544e-11,7.346061211869727e-12,-1.0090148453682859e-22,1.805395423288564e-15,1.4268846755877283e-22,C
0.0009049029615827989,2.071139650424338e-07,4.528665648868099e-11,8.636450928998668e-12,8.932687274060222e-24,3.838031268780585e-15,-1.7056634377894807e-22,C
0.0007706773430014567,1.248397076807522e-07,3.3743308900187704e-11,1.8878184441180457e-12,5.507622786093661e-24,5.670792953542393e-16,1.402456055318065e-23,C
0.0007526666471827487,1.596236287524473e-07,4.949536798796259e-12,2.858505640254232e-13,1.4467384606242182e-25,4.713100496142549e-17,3.0769438703614235e-25,C
0.0007172323111733618,2.0066628337681173e-08,5.517440404618639e-11,1.6921147588064732e-12,-1.0320571799920014e-23,1.625935804435812e-16,1.2680816744527611e-23,C
0.0007566683922238992,5.1326301597539795e-08,6.887161652919895e-11,1.631137507114505e-12,1.2189582616889133e-24,3.3490132466667583e-16,-1.7245421523051488e-23,C
0.0008126181364670984,2.2664388424541104e-07,6.424454879086795e-12,2.9632629832595133e-13,-8.479441974301004e-26,3.227949046498027e-17,3.999693623241694e-25,C
0.0008881759587279162,2.6153999260314307e-07,2.937700276737537e-11,5.6506898395015395e-12,3.4556418837087934e-23,2.8768703891794696e-15,6.408036803652511e-23,C
0.0007848472337127451,6.043107508977419e-08,8.741045887192256e-11,1.220412895905221e-12,1.5702329836192988e-25,2.9948947564359203e-16,-1.2603993833857157e-23,C
0.0008814637034637704,2.4818041120912e-07,8.57244803779021e-12,4.577714799388765e-12,-4.252719232262201e-24,1.8069148622694853e-15,-2.835936705019485e-23,C
0.0008921978837786869,1.2795408003161935e-07,1.497587574876804e-10,7.212987172230307e-12,-8.515213370475603e-23,1.7703008986912238e-15,-2.212448739970328e-22,C
0.0008567673598438968,1.2547138082055737e-07,5.611925975406038e-11,8.920465108892119e-12,7.613004768560035e-23,2.865328486832697e-15,-1.8449958594391241e-22,C
0.0007834338051194011,1.630967492242555e-07,1.790975028062238e-12,6.850968899917338e-13,-7.573460372538065e-25,-2.7657053462519007e-16,4.821733326311573e-26,C
0.0008732630140738168,9.90376334738788e-08,3.257882607941245e-11,9.83110031532655e-12,-1.5573821391085482e-22,2.5817049989067062e-15,-8.186203751490567e-23,C
0.0007940879021805412,1.7063702748084807e-07,3.393009771176313e-12,5.52076925746767e-13,-6.380642514251988e-25,1.4852180772792836e-16,4.0472876216928596e-25,C
0.000803528233069159,1.7904538575140308e-07,8.94738460978757e-12,3.2520058055712036e-12,7.87431278630608e-24,8.119304166280672e-16,-1.567517696859945e-23,C
0.0007745956489477113,7.841465379579017e-08,5.874492371188739e-11,5.325373443816489e-12,7.298086567572797e-24,7.695012476272446e-16,9.39080285460601e-23,C
0.0008920201581292696,2.581320260368821e-07,1.7320358763949887e-11,1.7682832381109822e-12,-3.815609878501994e-24,8.401576791492759e-16,-9.011511944016385e-24,C
0.0007873252405760533,1.4220703832234133e-07,1.1525942826924004e-11,1.0724760678631067e-13,8.567459205136194e-26,-4.000309219750529e-17,8.293304422189252e-26,C
0.0008392827120614918,8.832511052254597e-08,1.0608293195453334e-10,1.2607477403201717e-11,1.7652023495096335e-22,3.191868529138123e-15,4.2593940780861725e-22,C
0.0008667728191824081,3.414945297767054e-07,7.121898480755891e-12,9.302140646347135e-13,8.326068508493969e-25,-7.856301616136858e-17,2.2448321495936344e-24,C
0.0007685190330936554,1.7443758149294748e-07,1.2540542988983169e-11,8.176127063314825e-13,-3.9863616623062664e-25,-6.911951188896635e-17,2.5875332095211533e-24,C
0.0007788436475316272,4.67209521531175e-08,9.145517973748941e-11,1.7036802955666864e-12,-1.9779643967120522e-24,3.5129266120257255e-16,-2.1173838661821993e-23,C
0.000847705322399588,9.128372708308875e-08,3.325348722390068e-11,4.339258014016002e-12,-4.558309534018693e-23,6.979961692646386e-16,-2.52812926197981e-23,C
0.0008474925540861461,1.5448179687750797e-07,3.1436584622251097e-11,8.436300730081946e-13,-3.203638774315696e-24,1.3341797710399299e-16,-2.9346033036088636e-24,C
0.0009141746352219611,3.5255555782392806e-07,2.169600416801066e-11,3.1601190700813526e-12,1.8537750323515967e-23,1.7647853963937615e-15,-1.8467151413888165e-23,C
0.000979623068822281,2.611396726126933e-07,1.8550376274038178e-10,4.231749021921568e-11,2.1702653448953332e-21,2.107378233562125e-14,-3.0573826659385908e-21,C
0.0007348152603417942,7.864039912089628e-08,4.764623706201162e-11,2.2209486920748094e-12,1.708809587163375e-23,6.041523531882387e-16,1.516460835766462e-23,C
0.0007995271262705952,2.168339018081228e-07,2.5954416090263294e-11,1.8035612900019065e-12,4.734630655077353e-25,-1.387992499206209e-17,1.2330539216359635e-23,C
0.0007984518549186268,2.2634399964349175e-07,2.090270954652104e-12,3.2234380347613645e-13,2.4650437902449147e-25,1.4948244437861448e-16,-9.615440457586948e-26,C
0.0008883717044413765,1.5248881367291378e-07,5.3075355696379705e-11,2.973537171680727e-12,-3.734777525544384e-23,8.901947793529172e-16,7.678959022584236e-25,C
0.0007784694506907648,9.102684955230629e-08,4.915063639210469e-11,2.6464755565625025e-12,3.126823889428927e-25,7.508313985805204e-16,-3.0181658316952616e-23,C
0.0008356137398227081,1.255805633081807e-07,5.4367657820665635e-11,1.9360576067442127e-12,-8.93370414053353e-24,5.598541856243014e-16,1.7740714095472088e-23,C
0.0008864170317029758,9.94745677642544e-08,1.5438396413494444e-10,1.0418794510140843e-11,1.9654348027614445e-22,3.2034952174616367e-15,-3.6874764815315026e-22,C
0.0008788386602016655,1.4764596940325777e-07,1.0340705631027674e-10,4.532242544137124e-12,-5.295486778256699e-23,9.768625527748277e-16,-8.259994961320222e-23,C
0.0008613499229947156,1.0806628655074131e-07,5.0985251543114513e-11,1.267738124725089e-12,1.0004959526151483e-23,-3.101353295757881e-16,1.9445026881382532e-24,C
0.0008754864430391255,1.7935289949259906e-07,5.324557003338806e-11,9.837452540798506e-12,4.153511622090893e-23,3.974053172108494e-15,2.2128240091808323e-22,C
0.0009928631455712533,3.2376763575187207e-07,1.484627486821465e-10,2.218988036227897e-11,8.818849083869194e-22,1.1805280361894164e-14,-9.189106418928964e-22,C
0.0007720759334244299,6.518134448084403e-08,8.580687044302062e-11,3.3085359877213072e-12,2.3236308384830614e-23,8.227891918629239e-16,5.067254137189221e-23,C
0.0007816501411444082,1.9181990456512344e-07,1.7926577545575272e-11,1.4418461956223584e-12,-4.131061189991237e-24,-5.231178130282566e-16,-6.055489628935e-24,C
0.0008129114788020537,1.2116915241406865e-07,1.3154628216315237e-11,1.272166886497761e-12,-3.90242612577712e-24,6.638652605671012e-17,3.443101472089846e-24,C
0.0008422986501765946,1.2072833278366028e-07,1.9070599244220738e-11,2.835080244999446e-12,-2.0193511787876126e-23,5.008094210369029e-16,5.176171106755284e-24,C
0.0009352452634074507,2.0016571607920054e-07,5.305487402013772e-11,8.833321399067581e-12,-1.0089124550720017e-22,3.614049774245723e-15,-1.624457899097388e-22,C
0.0008476750906835062,2.040459906755916e-07,2.0313743791473786e-11,1.5697221717115664e-12,-6.006565032769999e-24,3.0142118244721225e-16,-6.51854777418589e-24,C
0.0007997234590588834,9.176115635588474e-08,4.7477545239548673e-11,4.824371102872236e-12,-3.248378839537418e-24,1.3881198926747605e-15,7.294154409325965e-23,C
0.0008201356033262755,1.7688919914126408e-07,1.972022359539035e-11,5.041407236885393e-12,1.1290081151910237e-23,1.727041161290996e-15,4.8982778475374593e-23,C
0.0007695528110094456,6.56928567080174e-08,8.395377947766957e-11,3.3087777150648713e-12,2.4465459580602261e-23,8.245326574157e-16,4.9422946176916426e-23,C
0.0007415445673669603,1.456684525902534e-07,7.145110723785064e-12,5.496765537749302e-13,7.8257499132644785e-25,1.4010448183533677e-16,-7.577916116146409e-25,C
0.0009442556953598816,2.8261116303470156e-07,1.2589717131081991e-10,2.6845976127467463e-11,1.0995411495435873e-21,1.4121342414017276e-14,-1.1076444636251517e-21,C
0.0008672222146858372,3.018526244076826e-07,1.1156998164715592e-11,1.4539963531876992e-12,-3.0472311903222006e-24,-7.081907805781993e-16,-5.000989487486563e-24,C
0.0009017683364711576,2.436426441896185e-07,4.082299685456761e-11,7.2145331836368535e-12,3.0802155920731396e-23,3.560879390726951e-15,1.1991990516947073e-22,C
0.0008376008668002869,1.3463449484082439e-07,1.972449250294807e-10,4.730844277409981e-11,4.5688522109998085e-21,1.265036939134802e-14,-9.989774212865182e-23,D
0.0008009749029472841,1.6247500077973677e-07,1.2525477810047043e-10,3.0391692291619693e-11,1.8586006171010218e-21,1.0061160716400796e-14,2.4836545837082045e-22,D
0.0008442506167903205,9.432030453720675e-08,3.306672175293206e-10,5.554500876491684e-11,7.076633096085626e-21,1.3518159377747178e-14,2.566660696103595e-21,D
0.0008506337009379345,2.113702753620491e-07,1.414745705461247e-10,4.993960322139489e-11,4.1910983152033135e-21,1.9918501223177844e-14,2.345400755794468e-22,D
0.000895009633125307,2.9588281851139167e-07,1.0149431259272847e-10,3.196229892944404e-11,1.8202909989207906e-21,1.3182829818547242e-14,-2.3776484230934074e-23,D
0.0008224533130937114,2.165311848977622e-07,8.821915322891212e-11,2.94512336281268e-11,1.4942130120697006e-21,1.2679503202846278e-14,-1.44600949758984e-22,D
0.0008371077409586621,1.4265211094816323e-07,2.120073317307126e-10,3.3923954538095534e-11,2.6928341157940736e-21,5.1521407573136675e-15,1.012716040191367e-21,D
0.0007846542459503004,8.53707249626122e-08,1.520067738458084e-10,1.4599955607697846e-11,5.843599550933869e-22,6.034219685833681e-16,-3.6274630371527213e-22,D
0.0008465109314074247,9.727043252689502e-08,3.3298437206711225e-10,5.7427012800040044e-11,7.475994047853954e-21,1.41717277280501e-14,2.6780979094476722e-21,D
0.0008355509453762437,2.1863606949537114e-07,7.414846007126076e-11,1.2745160886399554e-11,3.7360185274368345e-22,2.3126861117884522e-15,1.1803457658361758e-22,D
0.0008624058339518843,2.388197446948896e-07,1.2081917051408745e-10,3.7960609306758644e-11,2.570794210242322e-21,1.5267854441575092e-14,-3.372710342872335e-24,D
0.0008927286039724225,2.7277115497408093e-07,1.1992234832249145e-10,2.5530763746561137e-11,1.4085897797373287e-21,7.862360292850032e-15,1.0750707931085577e-22,D
0.0008500669658576858,2.5792700434596385e-07,1.2309376381172298e-10,4.2196935552777754e-11,3.0365560319581706e-21,2.0095167826458735e-14,1.6729293520656467e-22,D
0.0008255640075737821,1.8857687480672612e-07,1.4170324601392686e-10,2.7136780998919097e-11,1.5596706174820351e-21,6.287864099273025e-15,-6.318043810422033e-22,D
0.0008991788459574555,2.707834448295033e-07,1.585291269731042e-10,3.023539945255244e-11,2.050726444593277e-21,8.167634443184936e-15,4.1994983523037673e-22,D
0.0008331960245890516,2.080952586950126e-07,6.783514556257656e-11,1.5029848709220426e-11,4.783100459973398e-22,3.867964931143671e-15,3.914807715995154e-23,D
0.0008361259084839832,1.9295828958669577e-07,1.8212060221880632e-10,4.533114536361506e-11,4.03918455004607e-21,1.8551421774557248e-14,-8.061043436741717e-22,D
0.0009036726572102191,2.567235620268076e-07,1.6760170273788567e-10,1.70578722426472e-11,8.291523243258345e-22,1.4319431706211861e-15,3.799627662033587e-22,D
0.0008998153880412425,2.664551340461831e-07,1.40152035111795e-10,2.1771928733574157e-11,1.1865588633315018e-21,5.001315794730233e-15,1.9617275691807288e-22,D
0.0008881934133055274,2.603264775119294e-07,1.37610119692902e-10,2.3206429224054154e-11,1.2105116693315553e-21,3.53817138783394e-15,5.044315242762854e-22,D
0.000903506838999505,2.4580049839878237e-07,1.9632808369772446e-10,1.6041962108560875e-11,6.894461138687777e-22,-4.297453688525233e-16,5.789365598331759e-22,D
0.0009026345098349024,2.610766443905246e-07,2.3825369876782527e-10,5.74606242891287e-11,6.627596587466269e-21,2.0547126830455797e-14,1.1297066419127513e-21,D
0.0009028188692268505,2.381116256395534e-07,2.731461112537437e-10,5.295357034785582e-11,6.162225003402198e-21,1.5191843355846148e-14,1.6079111695561866e-21,D
0.000834742431756183,1.845050277675939e-07,2.024646038717192e-10,5.058185466522988e-11,5.111761526049651e-21,2.1700313818508373e-14,2.6800854761043314e-22,D
0.0008363576553126651,1.3067070531294986e-07,2.0366174188286723e-10,3.514123190663863e-11,2.939408542888303e-21,6.698900527168846e-15,-4.4498057792217885e-22,D
0.0008625615383944067,2.1398602587620233e-07,1.3723925315586263e-10,3.0323066731506e-11,1.9555087656742647e-21,1.007676644099335e-14,-4.9499146615539825e-23,D
0.0007579348755162204,7.761067929360814e-08,1.233660023017043e-10,2.0404688893904394e-11,9.681639579824154e-22,3.785899066470968e-15,-3.3274135362103796e-22,D
0.0009044591785715451,2.4486675415760067e-07,2.1669531043214633e-10,1.9065944426298802e-11,9.162548469140522e-22,-2.7820803458595393e-16,8.138303695183995e-22,D
0.0008479222016419702,1.6384431260270694e-07,1.9245906783525137e-10,3.281720762131599e-11,2.549680810765716e-21,8.275616932641072e-15,-5.488456216593654e-22,D
0.0008738028418228182,1.687575541790962e-07,2.97654905533266e-10,7.596942186981499e-11,1.1121974427298596e-20,2.4743831554685036e-14,2.609098179770209e-21,D
0.0008517478232665292,2.4151757226770353e-07,9.626790417282321e-11,1.1869904421372033e-11,3.0589949442646336e-22,4.793757319975435e-16,2.59662282403987e-22,D
0.0008323186847713488,1.6295461041088746e-07,1.531251939724376e-10,2.526120223851585e-11,1.5664726042863318e-21,6.325257192429791e-15,1.2051851344401345e-22,D
0.0008759605619660564,2.3819461961736734e-07,1.2075023703920634e-10,1.3683647041333422e-11,5.059681013302928e-22,1.3068024895400491e-15,-2.310351488343333e-22,D
0.0008071562504194353,1.6114349240240176e-07,1.3718018106598017e-10,1.8547105581391612e-11,8.257902795297848e-22,3.2222424311759976e-15,4.396539500424492e-22,D
0.0008542296163977345,1.2532641917232388e-07,2.8582227365861394e-10,3.1648590791328875e-11,2.825639341295438e-21,3.741444793486226e-15,1.0375013762261473e-21,D
0.0007966833876102819,1.259341046015046e-07,1.6140628016641916e-10,2.5283891414100204e-11,1.3380867018067454e-21,3.2293358025008308e-15,-9.04650437195782e-22,D
0.0008241970500636346,2.214650594996916e-07,8.850412423612737e-11,2.94796260325295e-11,1.500337650899893e-21,1.3162849596332563e-14,-1.2803748558676984e-22,D
0.0008559629427148598,1.9849503140506512e-07,1.779489520089776e-10,3.169653425641233e-11,2.326494256988807e-21,7.920924761036958e-15,-5.041147005996603e-22,D
0.0008378491526192389,1.2291937092417127e-07,2.621660558542518e-10,2.771451190134927e-11,2.2181013197548315e-21,3.3882869087528743e-15,-8.129258507765404e-22,D
0.0008913097942379209,2.8647496180758185e-07,8.199105347963869e-11,2.3554579580994355e-11,1.0350366888680286e-21,8.453516995370689e-15,1.4140249087808226e-23,D
0.0008888438668829424,2.1457938684836417e-07,2.650955299322745e-10,2.2866518771925003e-11,9.233899169551596e-22,-2.6344570891432962e-15,1.5221488805961132e-21,D
0.0008686597815047362,2.731243049545663e-07,1.0135434241247886e-10,1.5423270220425966e-11,5.219583243043323e-22,2.0927815214594512e-15,3.1529813378362e-22,D
0.0009024659176973494,2.955171821202892e-07,2.049338164300951e-10,6.790245981323295e-11,7.957739812283598e-21,3.05211347649957e-14,9.139108699697194e-22,D
0.0008387742283041319,2.1335247197762902e-07,1.0294980027032355e-10,3.2170518739970837e-11,1.8510767022858426e-21,1.2623382726785907e-14,3.450418771529578e-23,D
0.0008200466683964463,1.0232108659672203e-07,1.7914629549963858e-10,1.763529860191107e-11,8.443778503876963e-22,7.323628345828316e-16,5.19210671585345e-22,D
0.0008546940121650832,1.3268647456982045e-07,3.267773110784464e-10,7.073335395809098e-11,1.0159653020645692e-20,2.065689223201994e-14,3.5250335737504394e-21,D
0.0009121041963299303,2.6168534000572737e-07,1.7840063731385238e-10,3.1196063432213336e-11,2.017373600139416e-21,4.562412190537008e-15,1.1603522685127408e-21,D
0.0008741522036008066,2.4949026373559353e-07,8.594943244247388e-11,2.0161953062095564e-11,8.374890829949037e-22,6.624246957241546e-15,5.519827918956347e-23,D
0.0008221649090755545,1.6802380058222836e-07,1.9068158117006806e-10,3.612128539574013e-11,2.8869013399518646e-21,1.0371961969984784e-14,8.077506620458892e-22,D
0.0008706365744126742,2.460781314506173e-07,2.0242870210426806e-10,4.955398883588831e-11,4.608364592689878e-21,1.6795642289013828e-14,1.8426732955762363e-21,D
0.0009016513541934518,3.2196992546443035e-07,7.922219753481987e-11,3.60131651140234e-11,1.9197585477114974e-21,1.8122976574970286e-14,-1.2155045980477195e-22,D
0.0008612044884388353,1.95747812306909e-07,1.555208049023071e-10,2.0631978303813948e-11,1.1240625276991668e-21,3.2971909556468246e-15,3.1993581552221487e-22,D
0.0008190445587842837,1.491900714619856e-07,1.9942542181933193e-10,2.0858918649153872e-11,8.1090028004007e-22,-2.0297553722518138e-16,1.0734738918528076e-21,D
0.0008329447419119153,1.274009665765975e-07,2.237021233306278e-10,3.10176811969936e-11,2.461528806323807e-21,4.6554700072092585e-15,-7.85236008021367e-22,D
0.0008891754782043906,2.1592352269239105e-07,2.5165469445780144e-10,2.153606227801336e-11,9.660811213518826e-22,-1.6344143935877012e-15,1.2571126453876612e-21,D
0.0008235436255722682,1.77888282037356e-07,1.2975063654192999e-10,1.117720772143554e-11,2.292718978661705e-22,-7.220470271996697e-16,-3.5862803359717183e-22,D
0.0008203869052054518,1.0926208509848166e-07,2.48861850513305e-10,3.0536403093068046e-11,1.993817907724842e-21,1.6127949194159505e-15,1.7637649095205965e-21,D
0.0008590608821192982,2.559927119605847e-07,8.486417474385849e-11,1.0191823118324658e-11,2.5471944612117623e-22,1.1214971339212792e-15,-1.5798775536157507e-22,D
0.000836940303827062,2.0818302272679858e-07,1.1432523581793051e-10,1.1293260872412661e-11,2.340249749591748e-22,-5.328901660621017e-16,3.3150699793395843e-22,D
0.0007579589003565469,8.461506387564962e-08,1.24291640136483e-10,1.8674178213441963e-11,8.210208535723052e-22,3.3168614696749686e-15,-3.6787328261886304e-22,D
0.0008284685272483305,1.7516830744921003e-07,2.0791254004847217e-10,4.055365632068241e-11,3.451880350446261e-21,1.1439156723520308e-14,1.3968342210326868e-21,D
0.0007801713415726318,1.1511289304666293e-07,1.0649380004551353e-10,2.4037267471030924e-11,1.2089421317362394e-21,6.335393338444803e-15,-1.3227953964769495e-22,D
0.0008074700573355953,1.0603245119256147e-07,1.897004500120125e-10,1.717896958391238e-11,6.998995805961283e-22,-2.4116660217232745e-16,6.86938889048759e-22,D
0.0008684393779216476,3.0153321275301714e-07,9.195789821047023e-11,4.06457867372654e-11,2.4837575541443304e-21,2.2093714794241963e-14,-7.70039026888844e-23,D
0.0008097076297549785,1.8695631457422968e-07,1.1396340469216513e-10,3.799356404659509e-11,2.5000427008620273e-21,1.5951698895408316e-14,-3.1002944648600086e-24,D
0.0008902871029184734,3.220845792795912e-07,9.211777563904591e-11,3.308417979747119e-11,1.8224338950521105e-21,1.6435684164746716e-14,-1.2070495888495874e-22,D
0.000854636627644612,2.180935788564187e-07,1.1609364139832121e-10,1.3095523375365139e-11,4.301644726156621e-22,7.89244493752742e-16,-2.751002130397112e-22,D
0.000871367845836778,2.4818494927435746e-07,2.40114033418299e-10,7.444318023672958e-11,9.935274444081348e-21,3.5295682961290683e-14,5.907174780146672e-22,D
0.0008832181982835253,1.8354812991345006e-07,3.0624649156018147e-10,4.404429750342419e-11,4.776529871394833e-21,8.280920706101787e-15,1.8305556374644418e-21,D
0.0008630959387929968,2.1764981533493635e-07,2.137783120858819e-10,5.640319042941386e-11,5.907442108108505e-21,2.3616533335911726e-14,1.8605857732463712e-21,D
0.0008383178029636043,1.6733760035462428e-07,1.6508673500484478e-10,3.968521541945582e-11,3.1897156547363705e-21,1.1017050017010767e-14,3.7918661839971265e-22,D
0.0008895816341587072,1.8608968709803482e-07,2.888820441396742e-10,7.620572318551633e-11,1.124411107211447e-20,2.596353106673847e-14,1.1894700094163215e-21,D
0.0008217870066922822,1.8012055746855624e-07,1.6408398345177818e-10,2.7274241550267303e-11,1.6064860607475929e-21,5.270276530750644e-15,8.650332862663975e-22,D
0.000840961936995351,1.3305892618689705e-07,1.99129338652471e-10,4.077649903060547e-11,3.6728588820452986e-21,9.59426053339073e-15,-1.0526301940923659e-22,D
0.0007946745258689673,2.004831231599399e-07,1.3721967590040904e-11,1.0558095772453639e-12,3.236811366669915e-24,2.0183547760900235e-16,2.3818220964405805e-24,E
0.0008374635502270639,1.5596392198189397e-07,8.126237490075468e-11,2.985702244304364e-12,3.694704735863783e-23,6.360959502531039e-16,2.824497489241768e-23,E
0.000697618492692601,6.69938335171205e-08,1.2303598389449932e-11,7.222120148457498e-13,2.145656048931318e-24,1.8689451397873351e-16,-1.7581155378387615e-25,E
0.0006957553457375941,6.036527510659235e-08,2.2722144430096285e-11,7.716514595166709e-13,2.2418394373335708e-24,1.2562842359048537e-16,2.3268977505289485e-24,E
0.0007243818680475234,9.875311583252591e-08,3.201225965659524e-11,1.6196318185957709e-12,6.929196491161744e-24,3.434241929024133e-16,9.38053726094913e-24,E
0.0007114212733683581,6.202031712038589e-08,2.8582768842737855e-11,1.2905859039836543e-12,5.623569731843247e-24,3.0774917097309614e-16,-5.46053310164037e-24,E
0.0006849320622310135,5.446353388877876e-08,1.3023151943709428e-11,4.645217842000061e-13,9.493073399935452e-25,9.945127692467119e-17,-6.3575764868746355e-25,E
0.0007487851027624996,1.5103598431571406e-07,4.828571393092946e-12,4.841332423630207e-13,5.230559982700409e-25,1.398233573669122e-16,-5.23762969476905e-25,E
0.0006820263482058492,4.0531250286687176e-08,2.2258924057218253e-11,5.783010663470703e-13,2.011629006236685e-24,1.164216850947134e-16,5.082118330513255e-25,E
0.0007313844213826297,1.0944012239796117e-07,9.548442256323802e-12,8.719491156826989e-13,2.4892677797524033e-24,2.6825137768762156e-16,-3.6548403541763398e-25,E
0.000687553552192987,5.246280121207107e-08,1.3095846562915613e-11,2.676213158543783e-13,4.833737978034196e-25,4.6931512111265146e-17,-1.3176670552717002e-25,E
0.0006827434762964159,4.674553163802604e-08,1.2526987619744527e-11,5.828427011858256e-13,1.3875010086784967e-24,1.0895427782094155e-16,-7.450644846450972e-25,E
0.0007094845429197943,7.276436007041382e-08,2.702294439029408e-11,1.4961984884612343e-12,8.009316270265843e-24,3.5881739090349793e-16,-5.134357976224431e-24,E
0.0007288915628678542,1.1254134725316999e-07,1.3373616478514352e-11,1.0465645081270329e-12,3.757490092582129e-24,3.086571028141487e-16,1.1006519524070288e-24,E
0.0007136268562414447,1.0466225396220066e-07,2.3513807608086333e-13,8.12598675381385e-14,1.0848868297678203e-26,1.8454409813439533e-17,-2.9104395819914913e-27,E
0.0007288722560435364,1.014589524133472e-07,2.4987455826533683e-11,1.6771326666471115e-12,1.0832750837668027e-23,4.89178192904658e-16,-7.260934336452139e-25,E
0.0006954766382194872,7.22760885375988e-08,3.0489961516489783e-12,1.5636418495423637e-13,1.0680786048226823e-25,3.518040000628993e-17,-1.576693028755547e-26,E
0.0006754532410622926,3.419092163895412e-08,1.969827108840849e-11,5.856369088533266e-13,1.5161174348996605e-24,9.530667483398029e-17,1.2875979581258725e-24,E
0.000684803510373627,4.578771280844342e-08,2.167194515520616e-11,4.513882666138743e-13,-6.244480295471421e-25,-2.828212028232014e-17,1.2661969106259491e-24,E
0.0007705139545158801,9.015326167439075e-08,4.2559518890431714e-11,2.316035177705974e-12,2.0692516532527147e-23,6.1335549179992785e-16,-1.0027341730592085e-23,E
0.0007101084621405619,6.568484006655765e-08,4.588534433291643e-11,2.161528750590667e-12,1.7897151615477696e-23,4.934977109536555e-16,1.196215060719759e-23,E
0.0007046942578064928,5.869507635807036e-08,2.5361403834564103e-11,1.9218597895715296e-12,1.2337930451336918e-23,4.655725523783088e-16,5.2728342826062844e-24,E
0.0006927792664198621,4.601506073051366e-08,3.0348834812527486e-11,3.3405110328063305e-13,7.186925121436547e-25,2.0924000534129113e-17,-7.8408468882104875e-25,E
0.0006895546605482475,6.991367896179562e-08,1.967572330533222e-12,1.7886749535850994e-13,1.0266741875926877e-25,4.696586684712588e-17,-2.6815173502301705e-26,E
0.0007815182985080936,1.1151499909975205e-07,6.34643710154096e-11,5.3650731589469665e-12,9.804717482422782e-23,1.753966862815058e-15,1.3691153006146027e-23,E
0.0007392562080079812,1.0170835211193139e-07,7.777843312832993e-12,3.914051183773506e-13,-6.570864904055841e-25,-8.459864902531506e-17,1.8605382856360164e-25,E
0.0006836947020714215,4.590766745181675e-08,2.2253814041643308e-11,4.935771207070594e-13,3.7342204904140457e-25,2.5540191257670742e-17,1.5926247921191968e-24,E
0.000715197434580592,8.659729178349124e-08,2.532349755627146e-11,1.3305992775358474e-12,7.203960581844715e-24,3.5726518073593895e-16,2.7857708059021747e-24,E
0.0006846104660208202,5.1503411503070956e-08,1.1883769631811914e-11,5.423906371646301e-13,1.3369013254376617e-24,1.2287447898050892e-16,-3.300360779416166e-25,E
0.0007236935697422957,8.344549504036907e-08,4.0157075384917136e-11,2.118879388868689e-12,1.95228467737261e-23,5.979421277212424e-16,-9.347612581015788e-25,E
0.0007753010631955672,1.448792198212802e-07,1.8597002661557993e-11,8.363503171569305e-13,-3.2504957906400593e-24,-2.628658070631055e-16,5.601289237274722e-25,E
0.0007157580677529583,5.472097714698878e-08,5.5581666722940264e-11,5.586075360045027e-13,1.425359613553648e-24,-6.888561106503298e-18,-2.767082796297601e-24,E
0.0007973287845114314,1.561682895421794e-07,5.060904626385565e-11,6.954344671078045e-12,1.2752589504495737e-22,2.6669715929566125e-15,2.7542789515067136e-23,E
0.0006725861729772227,4.0706870054585344e-08,8.362732833970813e-12,2.4076345779022186e-13,3.401094734945937e-25,4.573526278973364e-17,-3.2229423886553545e-26,E
0.0007570936772684355,1.1285341185172479e-07,4.7431118370989856e-11,3.4126469787322756e-12,3.6410507386220335e-23,8.873409049756776e-16,2.3651390287797023e-23,E
0.0006797575988770324,4.1384690323237735e-08,2.2296442110581615e-11,4.150969409890993e-13,-3.2425028377765593e-25,-1.4063577176422797e-17,1.2204838155694097e-24,E
0.0007061216206054327,7.567191814617119e-08,1.3454095278902668e-11,4.38846759581238e-13,1.0992395757163603e-25,-1.8956120265907018e-17,1.0606613003760301e-24,E
0.0007825164318431023,1.9892960745507655e-07,8.22098640070318e-12,1.0530413447714874e-12,8.802065141995465e-25,-3.3714526367498424e-18,2.9706889064010095e-24,E
0.0006859400159464288,5.0332535568969725e-08,1.5968942030988138e-11,6.389607075413973e-13,1.871026700809209e-24,1.4329188811830391e-16,8.155126401673316e-25,E
0.0007078203745597901,8.815720861769748e-08,1.0169030712570253e-11,5.053618429342804e-13,7.517678506815429e-25,1.153609641786915e-16,-8.6446954491894e-25,E
0.0006738933737762513,2.4038114834205993e-08,2.0687564363469615e-11,4.35328894046968e-13,-9.557715338435873e-26,3.6414057398055394e-17,-1.3029133887326403e-24,E
0.0006875929578519344,3.3811709512954995e-08,2.4493926338415223e-11,6.547417807519049e-13,6.077448383833343e-25,9.429131358950925e-17,-2.5506040154404876e-24,E
0.0007126767885495093,6.448057202668346e-08,2.1266703956889568e-11,6.175252477205634e-13,-5.15469944967372e-25,-1.0945203900274909e-17,2.1776801827054023e-24,E
0.0006834369464358814,4.9526300295205996e-08,1.3845999410898459e-11,5.129648309713851e-13,5.882361015840266e-25,4.8026710300328876e-17,-1.2340513220969553e-24,E
0.0006812098963279674,4.120807092363632e-08,2.264438139473919e-11,4.712653213059252e-13,4.3503306879811384e-26,4.7168941459904785e-18,1.5388808251918512e-24,E
0.0007147011034547004,7.34276711930843e-08,2.8859596046579568e-11,1.252551443718139e-12,7.361272090137168e-24,3.0424011516392694e-16,-1.5886895251517032e-24,E
0.0007462354621374364,1.0849657020847472e-07,3.9047854634174184e-11,1.6697143195883343e-12,-1.6823618112010917e-24,-5.975177746178226e-17,1.3376856155964596e-23,E
0.0007064765555604607,5.032885225052463e-08,5.4611581921871086e-11,2.2301815693545046e-12,2.030223642487924e-23,4.642033233226069e-16,1.391351629112429e-23,E
0.000737272833730819,1.1275507136953137e-07,1.843018500857893e-11,1.1880999931398208e-12,3.707420103280303e-24,1.140563398145778e-16,4.1429821340531525e-24,E
0.0006774972157864253,4.479242956291685e-08,1.247654164265348e-11,4.33418756008664e-13,7.59925082005844e-25,6.696132995792685e-17,-6.620688722935275e-25,E
0.0006811803711348466,5.015163154809187e-08,1.1565842761250619e-11,4.5404264918473103e-13,9.54890387767158e-25,9.415133222765542e-17,-4.132582398407479e-25,E
0.0006709063987815312,2.452146008745331e-08,2.0297815785445498e-11,3.407778004078003e-13,7.95816788343725e-25,5.3244886929906117e-17,-4.1224832639538386e-25,E
0.0007166828656864598,9.516675120725667e-08,1.6320568709435976e-11,1.0657869033302026e-12,1.5529406313124401e-24,9.614011504168597e-17,-4.1649168193734785e-24,E
0.0006904193090200239,5.0541575612283805e-08,5.990305126973592e-12,1.817026166007636e-13,-1.0840213291073396e-25,3.9262949471976074e-18,1.5551593317930315e-25,E
0.0006753618947198724,3.7574730493064215e-08,8.961028410908433e-12,2.9984033841501166e-13,1.3928194331765346e-25,4.264715799773466e-17,4.71340869513319e-25,E
0.0006974892593338204,2.0012372633662317e-08,5.052417519328072e-11,8.256783349578241e-13,-2.947517383768842e-25,8.712823100128416e-17,-5.3247791090790365e-24,E
0.000732164750831887,8.364767926971706e-08,3.4753036967659834e-11,3.108652746216794e-12,3.003527146575575e-23,8.940438657267702e-16,1.191234064019431e-23,E
0.0007022513580226822,6.728277672073707e-08,1.482752785882706e-11,1.4900031326441508e-12,6.567275628192396e-24,3.8139358640217414e-16,2.4330857247142327e-24,E
0.0008446755902559154,1.5088843901461965e-07,4.782609762714907e-11,1.3018091312404981e-12,-1.0201381940111268e-23,-4.3343859551914537e-16,1.2020935297695799e-24,E
0.0006704274810413098,2.693210624317031e-08,1.3554977779915708e-11,3.2618069533934043e-13,-2.41758984031058e-25,1.2127600900362638e-17,-6.418406138773295e-25,E
0.0006954924324291356,5.973557453076997e-08,7.76790004420508e-12,3.424685874550009e-13,5.217785422064707e-25,5.733558518955582e-17,1.993871702460838e-25,E
0.0006990169746338009,6.150056173755521e-08,1.7407090979263356e-11,1.4426150458321226e-12,6.707545386450998e-24,3.5428442127045255e-16,2.6962599150174066e-24,E
0.0007213874995542979,8.113273173769531e-08,2.4844948536438684e-11,1.0731499059818237e-12,6.24852288175611e-26,4.8732930612150585e-17,-5.54092185563761e-24,E
0.0006801855010125232,4.534047176014809e-08,1.3165443397413491e-11,5.110300933498552e-13,9.32380658034797e-25,7.111771457422076e-17,-9.421672213953346e-25,E
0.0006975222907411563,5.942860216504283e-08,8.537312500435365e-12,3.727769029974719e-13,6.154700921748766e-25,6.078286824814896e-17,2.518866738150793e-25,E
0.0007726804638398161,1.419755994300518e-07,4.2906188708779744e-11,3.426525346141884e-12,3.822907085545773e-23,9.679890651733531e-16,-1.626963634007817e-23,E
